workload,implementation,series,requested_device,effective_mode,torch_threads,replicate,seconds
pepper_cu_2n_matrix,EasySpin,matlab,cpu,cpu,32,1,0.36767
pepper_cu_2n_matrix,EasySpin,matlab,cpu,cpu,32,2,0.291525
pepper_cu_2n_matrix,EasySpin,matlab,cpu,cpu,32,3,0.228545
pepper_cu_2n_matrix,EasySpin,matlab,cpu,cpu,32,4,0.351359
pepper_cu_2n_matrix,EasySpin,matlab,cpu,cpu,32,5,0.221908
pepper_cu_2n_matrix,TorchSpin,cpu_threads1,cpu,cpu,1,1,5.250424533005571
pepper_cu_2n_matrix,TorchSpin,cpu_threads1,cpu,cpu,1,2,5.26045741600683
pepper_cu_2n_matrix,TorchSpin,cpu_threads1,cpu,cpu,1,3,5.2904390250041615
pepper_cu_2n_matrix,TorchSpin,cpu_threads1,cpu,cpu,1,4,5.287567855993984
pepper_cu_2n_matrix,TorchSpin,cpu_threads1,cpu,cpu,1,5,5.254891087999567
pepper_cu_2n_matrix,TorchSpin,cpu_threads8,cpu,cpu,8,1,1.1344216709840111
pepper_cu_2n_matrix,TorchSpin,cpu_threads8,cpu,cpu,8,2,1.1393651090038475
pepper_cu_2n_matrix,TorchSpin,cpu_threads8,cpu,cpu,8,3,1.1420372319989838
pepper_cu_2n_matrix,TorchSpin,cpu_threads8,cpu,cpu,8,4,1.1487381620099768
pepper_cu_2n_matrix,TorchSpin,cpu_threads8,cpu,cpu,8,5,1.1464377310185228
pepper_cu_2n_matrix,TorchSpin,cpu_threads32,cpu,cpu,32,1,0.8767396659823135
pepper_cu_2n_matrix,TorchSpin,cpu_threads32,cpu,cpu,32,2,0.8737526340119075
pepper_cu_2n_matrix,TorchSpin,cpu_threads32,cpu,cpu,32,3,0.8472749310021754
pepper_cu_2n_matrix,TorchSpin,cpu_threads32,cpu,cpu,32,4,0.8284576949954499
pepper_cu_2n_matrix,TorchSpin,cpu_threads32,cpu,cpu,32,5,0.8001518759992905
pepper_cu_2n_matrix,TorchSpin,cuda,cuda,hybrid,32,1,0.6827922060037963
pepper_cu_2n_matrix,TorchSpin,cuda,cuda,hybrid,32,2,0.6661271690099966
pepper_cu_2n_matrix,TorchSpin,cuda,cuda,hybrid,32,3,0.6738604010024574
pepper_cu_2n_matrix,TorchSpin,cuda,cuda,hybrid,32,4,0.6503243769984692
pepper_cu_2n_matrix,TorchSpin,cuda,cuda,hybrid,32,5,0.6778334509872366
pepper_mn_S52_matrix,EasySpin,matlab,cpu,cpu,32,1,3.141687
pepper_mn_S52_matrix,EasySpin,matlab,cpu,cpu,32,2,2.993955
pepper_mn_S52_matrix,EasySpin,matlab,cpu,cpu,32,3,3.025012
pepper_mn_S52_matrix,EasySpin,matlab,cpu,cpu,32,4,3.151711
pepper_mn_S52_matrix,EasySpin,matlab,cpu,cpu,32,5,3.032591
pepper_mn_S52_matrix,TorchSpin,cpu_threads1,cpu,cpu,1,1,4.9428239010157995
pepper_mn_S52_matrix,TorchSpin,cpu_threads1,cpu,cpu,1,2,4.975485495990142
pepper_mn_S52_matrix,TorchSpin,cpu_threads1,cpu,cpu,1,3,4.961997075995896
pepper_mn_S52_matrix,TorchSpin,cpu_threads1,cpu,cpu,1,4,4.999440865009092
pepper_mn_S52_matrix,TorchSpin,cpu_threads1,cpu,cpu,1,5,5.000363443978131
pepper_mn_S52_matrix,TorchSpin,cpu_threads8,cpu,cpu,8,1,1.3976973829849157
pepper_mn_S52_matrix,TorchSpin,cpu_threads8,cpu,cpu,8,2,1.3957804189994931
pepper_mn_S52_matrix,TorchSpin,cpu_threads8,cpu,cpu,8,3,1.4052206610213034
pepper_mn_S52_matrix,TorchSpin,cpu_threads8,cpu,cpu,8,4,1.4075855209957808
pepper_mn_S52_matrix,TorchSpin,cpu_threads8,cpu,cpu,8,5,1.4199264110065997
pepper_mn_S52_matrix,TorchSpin,cpu_threads32,cpu,cpu,32,1,1.0833243149972986
pepper_mn_S52_matrix,TorchSpin,cpu_threads32,cpu,cpu,32,2,1.0729571350093465
pepper_mn_S52_matrix,TorchSpin,cpu_threads32,cpu,cpu,32,3,1.0653203709807713
pepper_mn_S52_matrix,TorchSpin,cpu_threads32,cpu,cpu,32,4,1.083423389995005
pepper_mn_S52_matrix,TorchSpin,cpu_threads32,cpu,cpu,32,5,1.055888072005473
pepper_mn_S52_matrix,TorchSpin,cuda,cuda,hybrid,32,1,0.972844008996617
pepper_mn_S52_matrix,TorchSpin,cuda,cuda,hybrid,32,2,0.94675539698801
pepper_mn_S52_matrix,TorchSpin,cuda,cuda,hybrid,32,3,0.9540082460152917
pepper_mn_S52_matrix,TorchSpin,cuda,cuda,hybrid,32,4,0.9535875169967767
pepper_mn_S52_matrix,TorchSpin,cuda,cuda,hybrid,32,5,0.9621252919896506
pepper_perturb_dense_grid,EasySpin,matlab,cpu,cpu,32,1,0.087752
pepper_perturb_dense_grid,EasySpin,matlab,cpu,cpu,32,2,0.082499
pepper_perturb_dense_grid,EasySpin,matlab,cpu,cpu,32,3,0.072026
pepper_perturb_dense_grid,EasySpin,matlab,cpu,cpu,32,4,0.081812
pepper_perturb_dense_grid,EasySpin,matlab,cpu,cpu,32,5,0.07146
pepper_perturb_dense_grid,TorchSpin,cpu_threads1,cpu,cpu,1,1,0.06161015800898895
pepper_perturb_dense_grid,TorchSpin,cpu_threads1,cpu,cpu,1,2,0.06186029201489873
pepper_perturb_dense_grid,TorchSpin,cpu_threads1,cpu,cpu,1,3,0.060839966987259686
pepper_perturb_dense_grid,TorchSpin,cpu_threads1,cpu,cpu,1,4,0.061258060013642535
pepper_perturb_dense_grid,TorchSpin,cpu_threads1,cpu,cpu,1,5,0.09729250601958483
pepper_perturb_dense_grid,TorchSpin,cpu_threads8,cpu,cpu,8,1,0.06792750899330713
pepper_perturb_dense_grid,TorchSpin,cpu_threads8,cpu,cpu,8,2,0.06612949099508114
pepper_perturb_dense_grid,TorchSpin,cpu_threads8,cpu,cpu,8,3,0.06582519502262585
pepper_perturb_dense_grid,TorchSpin,cpu_threads8,cpu,cpu,8,4,0.06756439100718126
pepper_perturb_dense_grid,TorchSpin,cpu_threads8,cpu,cpu,8,5,0.1069499509758316
pepper_perturb_dense_grid,TorchSpin,cpu_threads32,cpu,cpu,32,1,0.07475468298071064
pepper_perturb_dense_grid,TorchSpin,cpu_threads32,cpu,cpu,32,2,0.07545255598961376
pepper_perturb_dense_grid,TorchSpin,cpu_threads32,cpu,cpu,32,3,0.07568670899490826
pepper_perturb_dense_grid,TorchSpin,cpu_threads32,cpu,cpu,32,4,0.11534399201627821
pepper_perturb_dense_grid,TorchSpin,cpu_threads32,cpu,cpu,32,5,0.07552663699607365
pepper_perturb_dense_grid,TorchSpin,cuda,cuda,hybrid,32,1,0.16168443698552437
pepper_perturb_dense_grid,TorchSpin,cuda,cuda,hybrid,32,2,0.16084809100721031
pepper_perturb_dense_grid,TorchSpin,cuda,cuda,hybrid,32,3,0.1615649999876041
pepper_perturb_dense_grid,TorchSpin,cuda,cuda,hybrid,32,4,0.1673691339965444
pepper_perturb_dense_grid,TorchSpin,cuda,cuda,hybrid,32,5,0.16172673701657914
pepper_strain_summation,EasySpin,matlab,cpu,cpu,32,1,0.816464
pepper_strain_summation,EasySpin,matlab,cpu,cpu,32,2,0.808458
pepper_strain_summation,EasySpin,matlab,cpu,cpu,32,3,0.806823
pepper_strain_summation,EasySpin,matlab,cpu,cpu,32,4,0.824522
pepper_strain_summation,EasySpin,matlab,cpu,cpu,32,5,0.814491
pepper_strain_summation,TorchSpin,cpu_threads1,cpu,cpu,1,1,3.4076508400030434
pepper_strain_summation,TorchSpin,cpu_threads1,cpu,cpu,1,2,3.3980594760214444
pepper_strain_summation,TorchSpin,cpu_threads1,cpu,cpu,1,3,3.413210272003198
pepper_strain_summation,TorchSpin,cpu_threads1,cpu,cpu,1,4,3.4056496270059142
pepper_strain_summation,TorchSpin,cpu_threads1,cpu,cpu,1,5,3.4056633889849763
pepper_strain_summation,TorchSpin,cpu_threads8,cpu,cpu,8,1,0.9935068280028645
pepper_strain_summation,TorchSpin,cpu_threads8,cpu,cpu,8,2,0.9852338260097895
pepper_strain_summation,TorchSpin,cpu_threads8,cpu,cpu,8,3,1.0284437850059476
pepper_strain_summation,TorchSpin,cpu_threads8,cpu,cpu,8,4,0.9864765499951318
pepper_strain_summation,TorchSpin,cpu_threads8,cpu,cpu,8,5,1.0015819800028112
pepper_strain_summation,TorchSpin,cpu_threads32,cpu,cpu,32,1,1.1359035939967725
pepper_strain_summation,TorchSpin,cpu_threads32,cpu,cpu,32,2,1.1721823730040342
pepper_strain_summation,TorchSpin,cpu_threads32,cpu,cpu,32,3,1.2234216049837414
pepper_strain_summation,TorchSpin,cpu_threads32,cpu,cpu,32,4,1.1688512369873933
pepper_strain_summation,TorchSpin,cpu_threads32,cpu,cpu,32,5,1.1206159259891137
pepper_strain_summation,TorchSpin,cuda,cuda,hybrid,32,1,1.2323771119990852
pepper_strain_summation,TorchSpin,cuda,cuda,hybrid,32,2,1.219984012976056
pepper_strain_summation,TorchSpin,cuda,cuda,hybrid,32,3,1.2446382720081601
pepper_strain_summation,TorchSpin,cuda,cuda,hybrid,32,4,1.2540138040203601
pepper_strain_summation,TorchSpin,cuda,cuda,hybrid,32,5,1.1900098079931922
pepper_fit_loop_20,EasySpin,matlab,cpu,cpu,32,1,2.517635
pepper_fit_loop_20,EasySpin,matlab,cpu,cpu,32,2,2.49547
pepper_fit_loop_20,EasySpin,matlab,cpu,cpu,32,3,2.496403
pepper_fit_loop_20,EasySpin,matlab,cpu,cpu,32,4,2.496052
pepper_fit_loop_20,EasySpin,matlab,cpu,cpu,32,5,2.49633
pepper_fit_loop_20,TorchSpin,cpu_threads1,cpu,cpu,1,1,1.649542016995838
pepper_fit_loop_20,TorchSpin,cpu_threads1,cpu,cpu,1,2,1.678479416994378
pepper_fit_loop_20,TorchSpin,cpu_threads1,cpu,cpu,1,3,1.6539125260023866
pepper_fit_loop_20,TorchSpin,cpu_threads1,cpu,cpu,1,4,1.6420726899814326
pepper_fit_loop_20,TorchSpin,cpu_threads1,cpu,cpu,1,5,1.64170599199133
pepper_fit_loop_20,TorchSpin,cpu_threads8,cpu,cpu,8,1,1.2843020399741363
pepper_fit_loop_20,TorchSpin,cpu_threads8,cpu,cpu,8,2,1.3266719060193282
pepper_fit_loop_20,TorchSpin,cpu_threads8,cpu,cpu,8,3,1.2905336899857502
pepper_fit_loop_20,TorchSpin,cpu_threads8,cpu,cpu,8,4,1.2932587820105255
pepper_fit_loop_20,TorchSpin,cpu_threads8,cpu,cpu,8,5,1.3074371450056788
pepper_fit_loop_20,TorchSpin,cpu_threads32,cpu,cpu,32,1,5.1120336430030875
pepper_fit_loop_20,TorchSpin,cpu_threads32,cpu,cpu,32,2,5.355227409978397
pepper_fit_loop_20,TorchSpin,cpu_threads32,cpu,cpu,32,3,5.276726089010481
pepper_fit_loop_20,TorchSpin,cpu_threads32,cpu,cpu,32,4,5.1789977209991775
pepper_fit_loop_20,TorchSpin,cpu_threads32,cpu,cpu,32,5,5.573277725983644
pepper_fit_loop_20,TorchSpin,cuda,cuda,hybrid,32,1,1.7654998159850948
pepper_fit_loop_20,TorchSpin,cuda,cuda,hybrid,32,2,1.7686557540146168
pepper_fit_loop_20,TorchSpin,cuda,cuda,hybrid,32,3,1.767026490997523
pepper_fit_loop_20,TorchSpin,cuda,cuda,hybrid,32,4,1.7689634380221833
pepper_fit_loop_20,TorchSpin,cuda,cuda,hybrid,32,5,1.7703464049845934
chili_nitroxide_2nuc,EasySpin,matlab,cpu,cpu,32,1,1.152916
chili_nitroxide_2nuc,EasySpin,matlab,cpu,cpu,32,2,1.160393
chili_nitroxide_2nuc,EasySpin,matlab,cpu,cpu,32,3,1.138896
chili_nitroxide_2nuc,EasySpin,matlab,cpu,cpu,32,4,1.182734
chili_nitroxide_2nuc,EasySpin,matlab,cpu,cpu,32,5,1.126713
chili_nitroxide_2nuc,TorchSpin,cpu_threads1,cpu,cpu,1,1,0.15728146498440765
chili_nitroxide_2nuc,TorchSpin,cpu_threads1,cpu,cpu,1,2,0.1574668160174042
chili_nitroxide_2nuc,TorchSpin,cpu_threads1,cpu,cpu,1,3,0.1574527799966745
chili_nitroxide_2nuc,TorchSpin,cpu_threads1,cpu,cpu,1,4,0.15812376199755818
chili_nitroxide_2nuc,TorchSpin,cpu_threads1,cpu,cpu,1,5,0.1573886179830879
chili_nitroxide_2nuc,TorchSpin,cpu_threads8,cpu,cpu,8,1,0.17429605600773357
chili_nitroxide_2nuc,TorchSpin,cpu_threads8,cpu,cpu,8,2,0.15841110900510103
chili_nitroxide_2nuc,TorchSpin,cpu_threads8,cpu,cpu,8,3,0.15857887698803097
chili_nitroxide_2nuc,TorchSpin,cpu_threads8,cpu,cpu,8,4,0.15840091902646236
chili_nitroxide_2nuc,TorchSpin,cpu_threads8,cpu,cpu,8,5,0.15826810701400973
chili_nitroxide_2nuc,TorchSpin,cpu_threads32,cpu,cpu,32,1,0.17452317097922787
chili_nitroxide_2nuc,TorchSpin,cpu_threads32,cpu,cpu,32,2,0.1570312280091457
chili_nitroxide_2nuc,TorchSpin,cpu_threads32,cpu,cpu,32,3,0.1572533089783974
chili_nitroxide_2nuc,TorchSpin,cpu_threads32,cpu,cpu,32,4,0.15801232800004072
chili_nitroxide_2nuc,TorchSpin,cpu_threads32,cpu,cpu,32,5,0.15687906998209655
chili_powder_potential,EasySpin,matlab,cpu,cpu,32,1,4.525163
chili_powder_potential,EasySpin,matlab,cpu,cpu,32,2,4.525618
chili_powder_potential,EasySpin,matlab,cpu,cpu,32,3,4.526165
chili_powder_potential,EasySpin,matlab,cpu,cpu,32,4,4.541275
chili_powder_potential,EasySpin,matlab,cpu,cpu,32,5,4.527497
chili_powder_potential,TorchSpin,cpu_threads1,cpu,cpu,1,1,3.0802380649838597
chili_powder_potential,TorchSpin,cpu_threads1,cpu,cpu,1,2,3.078604317008285
chili_powder_potential,TorchSpin,cpu_threads1,cpu,cpu,1,3,3.0861339799885172
chili_powder_potential,TorchSpin,cpu_threads1,cpu,cpu,1,4,3.0656797180126887
chili_powder_potential,TorchSpin,cpu_threads1,cpu,cpu,1,5,3.073353143001441
chili_powder_potential,TorchSpin,cpu_threads8,cpu,cpu,8,1,3.081599915982224
chili_powder_potential,TorchSpin,cpu_threads8,cpu,cpu,8,2,3.083802794018993
chili_powder_potential,TorchSpin,cpu_threads8,cpu,cpu,8,3,3.077534315001685
chili_powder_potential,TorchSpin,cpu_threads8,cpu,cpu,8,4,3.0958712439751253
chili_powder_potential,TorchSpin,cpu_threads8,cpu,cpu,8,5,3.075663926982088
chili_powder_potential,TorchSpin,cpu_threads32,cpu,cpu,32,1,3.092689540993888
chili_powder_potential,TorchSpin,cpu_threads32,cpu,cpu,32,2,3.0926725439785514
chili_powder_potential,TorchSpin,cpu_threads32,cpu,cpu,32,3,3.111308116989676
chili_powder_potential,TorchSpin,cpu_threads32,cpu,cpu,32,4,3.0940703219966963
chili_powder_potential,TorchSpin,cpu_threads32,cpu,cpu,32,5,3.094623203010997
saffron_hyscore_512,EasySpin,matlab,cpu,cpu,32,1,0.770098
saffron_hyscore_512,EasySpin,matlab,cpu,cpu,32,2,0.659952
saffron_hyscore_512,EasySpin,matlab,cpu,cpu,32,3,0.5365
saffron_hyscore_512,EasySpin,matlab,cpu,cpu,32,4,0.667071
saffron_hyscore_512,EasySpin,matlab,cpu,cpu,32,5,0.516279
saffron_hyscore_512,TorchSpin,cpu_threads1,cpu,cpu,1,1,4.038925764994929
saffron_hyscore_512,TorchSpin,cpu_threads1,cpu,cpu,1,2,4.000684430997353
saffron_hyscore_512,TorchSpin,cpu_threads1,cpu,cpu,1,3,3.9987134780094493
saffron_hyscore_512,TorchSpin,cpu_threads1,cpu,cpu,1,4,3.9810108369856607
saffron_hyscore_512,TorchSpin,cpu_threads1,cpu,cpu,1,5,4.023580570996273
saffron_hyscore_512,TorchSpin,cpu_threads8,cpu,cpu,8,1,1.049669451022055
saffron_hyscore_512,TorchSpin,cpu_threads8,cpu,cpu,8,2,1.0560476789833046
saffron_hyscore_512,TorchSpin,cpu_threads8,cpu,cpu,8,3,1.055501674010884
saffron_hyscore_512,TorchSpin,cpu_threads8,cpu,cpu,8,4,1.0508335850026924
saffron_hyscore_512,TorchSpin,cpu_threads8,cpu,cpu,8,5,1.065344748989446
saffron_hyscore_512,TorchSpin,cpu_threads32,cpu,cpu,32,1,0.752876164013287
saffron_hyscore_512,TorchSpin,cpu_threads32,cpu,cpu,32,2,0.7510753209935501
saffron_hyscore_512,TorchSpin,cpu_threads32,cpu,cpu,32,3,0.7527132350078318
saffron_hyscore_512,TorchSpin,cpu_threads32,cpu,cpu,32,4,0.7504652040079236
saffron_hyscore_512,TorchSpin,cpu_threads32,cpu,cpu,32,5,0.7524488629715052
saffron_hyscore_512,TorchSpin,cuda,cuda,hybrid,32,1,0.2278496200160589
saffron_hyscore_512,TorchSpin,cuda,cuda,hybrid,32,2,0.22833029201137833
saffron_hyscore_512,TorchSpin,cuda,cuda,hybrid,32,3,0.22877483401680365
saffron_hyscore_512,TorchSpin,cuda,cuda,hybrid,32,4,0.2281715810240712
saffron_hyscore_512,TorchSpin,cuda,cuda,hybrid,32,5,0.22813412902178243
cardamom_diffusion_200x1000,EasySpin,matlab,cpu,cpu,32,1,20.351114
cardamom_diffusion_200x1000,EasySpin,matlab,cpu,cpu,32,2,20.389444
cardamom_diffusion_200x1000,EasySpin,matlab,cpu,cpu,32,3,20.336807
cardamom_diffusion_200x1000,EasySpin,matlab,cpu,cpu,32,4,20.397991
cardamom_diffusion_200x1000,EasySpin,matlab,cpu,cpu,32,5,20.368399
cardamom_diffusion_200x1000,TorchSpin,cpu_threads1,cpu,cpu,1,1,19.34762817301089
cardamom_diffusion_200x1000,TorchSpin,cpu_threads1,cpu,cpu,1,2,19.165136805007933
cardamom_diffusion_200x1000,TorchSpin,cpu_threads1,cpu,cpu,1,3,19.25411664499552
cardamom_diffusion_200x1000,TorchSpin,cpu_threads1,cpu,cpu,1,4,19.274655389017425
cardamom_diffusion_200x1000,TorchSpin,cpu_threads1,cpu,cpu,1,5,19.44240332400659
cardamom_diffusion_200x1000,TorchSpin,cpu_threads8,cpu,cpu,8,1,10.053355072013801
cardamom_diffusion_200x1000,TorchSpin,cpu_threads8,cpu,cpu,8,2,9.904683950007893
cardamom_diffusion_200x1000,TorchSpin,cpu_threads8,cpu,cpu,8,3,10.072893253993243
cardamom_diffusion_200x1000,TorchSpin,cpu_threads8,cpu,cpu,8,4,9.97100184901501
cardamom_diffusion_200x1000,TorchSpin,cpu_threads8,cpu,cpu,8,5,9.907829521980602
cardamom_diffusion_200x1000,TorchSpin,cpu_threads32,cpu,cpu,32,1,10.394008885981748
cardamom_diffusion_200x1000,TorchSpin,cpu_threads32,cpu,cpu,32,2,10.549579282000195
cardamom_diffusion_200x1000,TorchSpin,cpu_threads32,cpu,cpu,32,3,9.658695468999213
cardamom_diffusion_200x1000,TorchSpin,cpu_threads32,cpu,cpu,32,4,10.202728525997372
cardamom_diffusion_200x1000,TorchSpin,cpu_threads32,cpu,cpu,32,5,10.461395307997009
