workload,easyspin_median_s,easyspin_q1,easyspin_q3,torchspin_1t_median_s,torchspin_8t_median_s,torchspin_32t_median_s,torchspin_1t_q1,torchspin_8t_q1,torchspin_32t_q1,torchspin_1t_q3,torchspin_8t_q3,torchspin_32t_q3,best_cpu_threads,torchspin_best_cpu_median_s,cuda_effective_mode,torchspin_cuda_median_s,torchspin_cuda_q1,torchspin_cuda_q3,easyspin_over_best_cpu,easyspin_over_best_cpu_lo,easyspin_over_best_cpu_hi,easyspin_over_cuda,easyspin_over_cuda_lo,easyspin_over_cuda_hi
pepper_cu_2n_matrix,0.291525,0.228545,0.351359,5.26045741600683,1.1420372319989838,0.8472749310021754,5.254891087999567,1.1393651090038475,0.8284576949954499,5.287567855993984,1.1464377310185228,0.8737526340119075,32,0.8472749310021754,hybrid,0.6738604010024574,0.6661271690099966,0.6778334509872366,0.3440736758907499,0.26156716569839306,0.4241121811318679,0.4326192777707632,0.33716984558247104,0.5274653494800287
pepper_mn_S52_matrix,3.032591,3.025012,3.141687,4.975485495990142,1.4052206610213034,1.0729571350093465,4.961997075995896,1.3976973829849157,1.0653203709807713,4.999440865009092,1.4075855209957808,1.0833243149972986,32,1.0729571350093465,hybrid,0.9540082460152917,0.9535875169967767,0.9621252919896506,2.826385976708737,2.792342014411024,2.9490537171533227,3.178789085593911,3.1440936281223335,3.2945974480605744
pepper_perturb_dense_grid,0.081812,0.072026,0.082499,0.06161015800898895,0.06756439100718126,0.07552663699607365,0.061258060013642535,0.06612949099508114,0.07545255598961376,0.06186029201489873,0.06792750899330713,0.07568670899490826,1,0.06161015800898895,hybrid,0.16168443698552437,0.1615649999876041,0.16172673701657914,1.3278979091088128,1.1643333332900032,1.3467452280014578,0.5059979892024156,0.44535616886041784,0.5106242070146978
pepper_strain_summation,0.814491,0.808458,0.816464,3.4056633889849763,0.9935068280028645,1.1688512369873933,3.4056496270059142,0.9864765499951318,1.1359035939967725,3.4076508400030434,1.0015819800028112,1.1721823730040342,8,0.9935068280028645,hybrid,1.2323771119990852,1.219984012976056,1.2446382720081601,0.8198141945710429,0.8071810557112169,0.8276567750181484,0.6609105216817793,0.6495525793977027,0.6692415567055667
pepper_fit_loop_20,2.49633,2.496052,2.496403,1.649542016995838,1.2932587820105255,5.276726089010481,1.6420726899814326,1.2905336899857502,5.1789977209991775,1.6539125260023866,1.3074371450056788,5.355227409978397,8,1.2932587820105255,hybrid,1.7686557540146168,1.767026490997523,1.7689634380221833,1.9302633275910615,1.9091181626090015,1.9343958390017424,1.4114278566270784,1.4110252062590674,1.4127705570450892
chili_nitroxide_2nuc,1.152916,1.138896,1.160393,0.1574527799966745,0.15841110900510103,0.1572533089783974,0.1573886179830879,0.15840091902646236,0.1570312280091457,0.1574668160174042,0.15857887698803097,0.15801232800004072,1,0.1574527799966745,unsupported,nan,nan,nan,7.322296881797516,7.232609566920576,7.372788546403586,nan,nan,nan
chili_powder_potential,4.526165,4.525618,4.527497,3.078604317008285,3.081599915982224,3.0940703219966963,3.073353143001441,3.077534315001685,3.092689540993888,3.0802380649838597,3.083802794018993,3.094623203010997,1,3.078604317008285,unsupported,nan,nan,nan,1.47020030310307,1.4692429300992076,1.473145710674316,nan,nan,nan
saffron_hyscore_512,0.659952,0.5365,0.667071,4.000684430997353,1.055501674010884,0.7524488629715052,3.9987134780094493,1.0508335850026924,0.7510753209935501,4.023580570996273,1.0560476789833046,0.7527132350078318,32,0.7524488629715052,hybrid,0.2281715810240712,0.22813412902178243,0.22833029201137833,0.877072227066402,0.712754838161465,0.8881545982865924,2.892349682804616,2.3496663332487864,2.9240298365717456
cardamom_diffusion_200x1000,20.368399,20.351114,20.389444,19.274655389017425,9.97100184901501,10.394008885981748,19.25411664499552,9.907829521980602,10.202728525997372,19.34762817301089,10.053355072013801,10.461395307997009,8,9.97100184901501,unsupported,nan,nan,nan,2.042763536545939,2.024310675811378,2.057912275818417,nan,nan,nan
